case_id,document_date,source_type,meeting_id,official_url,local_path,status,retrieved_at,sha256,reason
charlotte_2022_01_20,2020-07-23,procurement_bid_award,20/21-1652LB,https://files.smartsites.parentsquare.com/6026/1652lb%5Fposted%5Ftab.pdf,data/raw/charlotte_2022_01_20/procurement/candidates/20_21-1652LB_1652lb_posted_tab.pdf,accepted,2026-08-28T01:07:35Z,b948be90d2008db4c8de670da90aedc730a788414bbb55ac2f5e2fbc8f1d6481,
charlotte_2022_01_20,2020-07-24,board_agenda_packet,BHVRUM6F0D37,https://go.boarddocs.com/fla/ccpsfl/Board.nsf/Download-AgendaDetailed?open&id=BHVRUM6F0D37,data/raw/charlotte_2022_01_20/boarddocs/packets/2020-07-24_BHVRUM6F0D37_Regular_School_Board_Meeting.html,accepted,2026-08-27T18:42:14Z,57934658c40578ed2313565850cd9be0930afaf838414e41173dac08e08626c5,
charlotte_2022_01_20,2020-07-30,budget,2020-21-tentative,https://files.smartsites.parentsquare.com/6026/2020-2021_tentative_budget.pdf,data/raw/charlotte_2022_01_20/budget/2020-2021_tentative_budget.pdf,accepted,2026-08-27T18:52:32Z,39b3c184e13e5f3105e8847ba91a8db5f7a03ac44b3f05b9a4feb90f26d6eba4,
charlotte_2022_01_20,2020-09-10,board_agenda_packet,BHWLZS53E306,https://go.boarddocs.com/fla/ccpsfl/Board.nsf/Download-AgendaDetailed?open&id=BHWLZS53E306,data/raw/charlotte_2022_01_20/boarddocs/packets/2020-09-10_BHWLZS53E306_Regular_School_Board_Meeting.html,accepted,2026-08-27T18:42:17Z,0b2326b9525754d2daa403d5d4d38fb6002ecde1b7ab752a2eda3254bf628964,
charlotte_2022_01_20,2020-10-13,board_agenda_packet,BHWM7Q557783,https://go.boarddocs.com/fla/ccpsfl/Board.nsf/Download-AgendaDetailed?open&id=BHWM7Q557783,data/raw/charlotte_2022_01_20/boarddocs/packets/2020-10-13_BHWM7Q557783_Regular_School_Board_Meeting.html,accepted,2026-08-27T18:42:18Z,591451005d10f1c7446919ca36438d450906658a30910288426d95be73a3fb4e,
charlotte_2022_01_20,2020-12-08,board_agenda_packet,BUDHWL49BB94,https://go.boarddocs.com/fla/ccpsfl/Board.nsf/Download-AgendaDetailed?open&id=BUDHWL49BB94,data/raw/charlotte_2022_01_20/boarddocs/packets/2020-12-08_BUDHWL49BB94_Regular_School_Board_Meeting.html,accepted,2026-08-27T18:42:22Z,57978e20d41cbc0975c39368d9596411a874237e03b8a1d6ba6e373175524f2a,
charlotte_2022_01_20,2021-01-22,procurement_sole_source,20/21-GG,https://files.smartsites.parentsquare.com/6026/2021-gg%5Fsole%5Fsource%5Ffor%5Fwebsite.pdf,data/raw/charlotte_2022_01_20/procurement/sole_source/2021-01-22_20_21-GG_2021-gg_sole_source_for_website.pdf,accepted,2026-08-28T01:08:13Z,067f47aca03fe7e216c1e95b4bcbd5252c460045614cd189660775891917fb8b,
charlotte_2022_01_20,2021-02-09,board_agenda_packet,BVGLSN572ABB,https://go.boarddocs.com/fla/ccpsfl/Board.nsf/Download-AgendaDetailed?open&id=BVGLSN572ABB,data/raw/charlotte_2022_01_20/boarddocs/packets/2021-02-09_BVGLSN572ABB_School_Board_Workshop.html,accepted,2026-08-27T18:42:25Z,dc54dfdb3a1f18357512da7b669505cf0e76a8c2f6fa97b833086ecf5c9deee4,
charlotte_2022_01_20,2021-02-09,board_agenda_packet,BVGLTV573FD3,https://go.boarddocs.com/fla/ccpsfl/Board.nsf/Download-AgendaDetailed?open&id=BVGLTV573FD3,data/raw/charlotte_2022_01_20/boarddocs/packets/2021-02-09_BVGLTV573FD3_Regular_School_Board_Meeting.html,accepted,2026-08-27T18:42:25Z,0f3cec46e472f5b1401c432802225b0c4ab0227199966bb5b2ff6caf2193004d,
charlotte_2022_01_20,2021-03-09,board_agenda_packet,BVGM285892F0,https://go.boarddocs.com/fla/ccpsfl/Board.nsf/Download-AgendaDetailed?open&id=BVGM285892F0,data/raw/charlotte_2022_01_20/boarddocs/packets/2021-03-09_BVGM285892F0_Regular_School_Board_Meeting.html,accepted,2026-08-27T18:42:26Z,0fac32a2c0abf510c25bf7a34f51ea246043dc977f363b21e3cc25c2e846131b,
charlotte_2022_01_20,2021-05-11,board_agenda_packet,BVGM9J596566,https://go.boarddocs.com/fla/ccpsfl/Board.nsf/Download-AgendaDetailed?open&id=BVGM9J596566,data/raw/charlotte_2022_01_20/boarddocs/packets/2021-05-11_BVGM9J596566_Regular_School_Board_Meeting.html,accepted,2026-08-27T18:42:30Z,a33e08379a18bb0c6f8097b6056978855901dcd3b4394a6f645dcb8bf5a5d335,
charlotte_2022_01_20,2021-06-15,board_agenda_packet,BVGMBX599AB2,https://go.boarddocs.com/fla/ccpsfl/Board.nsf/Download-AgendaDetailed?open&id=BVGMBX599AB2,data/raw/charlotte_2022_01_20/boarddocs/packets/2021-06-15_BVGMBX599AB2_Regular_School_Board_Meeting.html,accepted,2026-08-27T18:42:30Z,d19fcdce01858134eb6e97cdedba0c8716e54ea1d9af7888198022d8c7c92b6f,
charlotte_2022_01_20,2021-07-17,procurement_sole_source,21/22-L,https://files.smartsites.parentsquare.com/6026/2122-l%5Fsole%5Fsource%5Ffor%5Fwebsite.pdf,data/raw/charlotte_2022_01_20/procurement/sole_source/2021-07-17_21_22-L_2122-l_sole_source_for_website.pdf,accepted,2026-08-28T01:08:06Z,012903ef2511f8644ed0cd407182126c13d779c3cbe3cc5a41194ff91cb56271,
charlotte_2022_01_20,2021-08-03,board_agenda_packet,BVGMMN5A1313,https://go.boarddocs.com/fla/ccpsfl/Board.nsf/Download-AgendaDetailed?open&id=BVGMMN5A1313,data/raw/charlotte_2022_01_20/boarddocs/packets/2021-08-03_BVGMMN5A1313_School_Board_Workshop.html,accepted,2026-08-27T18:42:33Z,d6b9b01c5f692e7a4dc01ee1f1b158207d0be1752766fa0a6f3988da5a0ea524,
charlotte_2022_01_20,2021-09-09,board_agenda_packet,BVGMQC5A2D1F,https://go.boarddocs.com/fla/ccpsfl/Board.nsf/Download-AgendaDetailed?open&id=BVGMQC5A2D1F,data/raw/charlotte_2022_01_20/boarddocs/packets/2021-09-09_BVGMQC5A2D1F_Regular_School_Board_Meeting.html,accepted,2026-08-27T18:42:34Z,5743c8a066e4475b31c71e34079dfc754860f40d79aaf918a4aa99ccb148b10e,
charlotte_2022_01_20,2021-10-12,board_agenda_packet,BVGN3B5AE617,https://go.boarddocs.com/fla/ccpsfl/Board.nsf/Download-AgendaDetailed?open&id=BVGN3B5AE617,data/raw/charlotte_2022_01_20/boarddocs/packets/2021-10-12_BVGN3B5AE617_Regular_School_Board_Meeting.html,accepted,2026-08-27T18:42:36Z,efce1ede4c55b2c7915aa14e22eac3c7879aca3e90fdd88f757d7f4824469afd,
charlotte_2022_01_20,2021-12-07,board_agenda_packet,C75LB355B2E0,https://go.boarddocs.com/fla/ccpsfl/Board.nsf/Download-AgendaDetailed?open&id=C75LB355B2E0,data/raw/charlotte_2022_01_20/boarddocs/packets/2021-12-07_C75LB355B2E0_Regular_School_Board_Meeting.html,accepted,2026-08-27T18:42:39Z,f4aafbcc93f81f80180ae084dc867a446bc07069142168bef843e7fc4237ca79,
charlotte_2022_01_20,2022-01-18,board_agenda_packet,C8CKNA5122D7,https://go.boarddocs.com/fla/ccpsfl/Board.nsf/Download-AgendaDetailed?open&id=C8CKNA5122D7,data/raw/charlotte_2022_01_20/boarddocs/packets/2022-01-18_C8CKNA5122D7_School_Board_Workshop.html,accepted,2026-08-27T18:42:40Z,444b77fdf74b304962b175adf9f627408190f05ae9389edc4e08073ba38824db,
charlotte_2022_01_20,2022-01-18,board_agenda_packet,C8CL4B51CFB5,https://go.boarddocs.com/fla/ccpsfl/Board.nsf/Download-AgendaDetailed?open&id=C8CL4B51CFB5,data/raw/charlotte_2022_01_20/boarddocs/packets/2022-01-18_C8CL4B51CFB5_Regular_School_Board_Meeting.html,accepted,2026-08-27T18:42:40Z,cacd56ab3c16fc1124938ac3d9c74ac60e4e001b5def6b58263b214e729dd753,
charlotte_2022_01_20,2022-01-19,procurement_bid_award,21/22-73GB,https://files.smartsites.parentsquare.com/6026/2122-73gb%5Faward%5Fletter.pdf,data/raw/charlotte_2022_01_20/procurement/candidates/21_22-73GB_2122-73gb_award_letter.pdf,accepted,2026-08-28T01:07:20Z,5b6b145a58c4bd9646e09efcb1d4634394311c486e7ef803197d6a678a57c8c5,
hernando_2022_02_16,,board_agenda_packet,legacy-iqm2-sample-slots,https://www.hernandoschools.org/archived-agendas-minutes,,unavailable,,,"Only eight regular-meeting primary artifacts were retrievable for the 12 fixed target dates. The earlier official IQM2 archive enumerates the remaining period, but its artifact host timed out; four primary slots were therefore filled from the workshop/budget class."
hernando_2022_02_16,,procurement_archive,district-procurement-sample,https://www.bidnetdirect.com/florida/hernandoschools/solicitations/closed-bids,,unavailable,,,"The public BidNet archive exposes no district records for 2020-08-16 through 2022-02-15. Six in-window USAC RFP URLs were discovered, but each exact endpoint returns a 144-byte text/html redirect instead of the named artifact; no accepted procurement notice was available for this sample."
hernando_2022_02_16,2021-09-07,budget_document,district-budget-archive,https://files.smartsites.parentsquare.com/10061/budget_book_2021-2022.pdf,data/raw/hernando_2022_02_16/budget/2021-09-07_budget_book_2021-2022.pdf,accepted,2026-08-27T19:25:53Z,ccdf25d3399c02864881529d4db62397bb3b337a96c4cda0610f644d78d94a75,
hernando_2022_02_16,2021-09-21,board_agenda,962,https://hernandoschools.legistar1.com/hernandoschools/meetings/2021/9/962_A_School_Board_Regular_Meeting_21-09-21_Agenda.pdf,data/raw/hernando_2022_02_16/legistar/agendas/2021-09-21_962_agenda.pdf,accepted,2026-08-28T01:54:10Z,abf682ab1113319e17cf0b7e1b91194d46cb4911ae482c1d1188a2166c064fc9,
hernando_2022_02_16,2021-10-12,board_agenda,967,https://hernandoschools.legistar1.com/hernandoschools/meetings/2021/10/967_A_School_Board_Regular_Meeting_21-10-12_Agenda.pdf,data/raw/hernando_2022_02_16/legistar/agendas/2021-10-12_967_agenda.pdf,accepted,2026-08-28T01:54:12Z,23f1b2ca8ade9b451b2b26186e2568336e7e38c4810c9db4da2818882c01e500,
hernando_2022_02_16,2021-10-26,board_agenda,969,https://hernandoschools.legistar1.com/hernandoschools/meetings/2021/10/969_A_School_Board_Workshop_21-10-26_Agenda.pdf,data/raw/hernando_2022_02_16/legistar/agendas/2021-10-26_969_agenda.pdf,accepted,2026-08-28T01:54:14Z,c8652c0f1260a74a40b8389c3476fd55c2ae650a9aa3a388e1a41e276fc12773,
hernando_2022_02_16,2021-10-26,board_agenda,970,https://hernandoschools.legistar1.com/hernandoschools/meetings/2021/10/970_A_School_Board_Regular_Meeting_21-10-26_Agenda.pdf,data/raw/hernando_2022_02_16/legistar/agendas/2021-10-26_970_agenda.pdf,accepted,2026-08-28T01:54:16Z,a0e0a4bda64c1f2c84cda7019c3f359e28a84b09c860ba2d199033350717d0a2,
hernando_2022_02_16,2021-11-16,board_agenda,971,https://hernandoschools.legistar1.com/hernandoschools/meetings/2021/11/971_A_Organizational___Regular_School_Board_Meeting_21-11-16_Agenda.pdf,data/raw/hernando_2022_02_16/legistar/agendas/2021-11-16_971_agenda.pdf,accepted,2026-08-28T01:54:18Z,aa335f8d4fc60a96a9ea79b8810d637604f13c797b69fd54a0ee7423f742a995,
hernando_2022_02_16,2021-12-07,board_agenda,981,https://hernandoschools.legistar1.com/hernandoschools/meetings/2021/12/981_A_School_Board_Workshop_21-12-07_Agenda.pdf,data/raw/hernando_2022_02_16/legistar/agendas/2021-12-07_981_agenda.pdf,accepted,2026-08-28T01:54:20Z,bd898265a38fa36f92df6a21c8d502175f5e84134cf7f735949c21cabd6ce2a6,
hernando_2022_02_16,2021-12-07,board_agenda,982,https://hernandoschools.legistar1.com/hernandoschools/meetings/2021/12/982_A_School_Board_Regular_Meeting_21-12-07_Agenda.pdf,data/raw/hernando_2022_02_16/legistar/agendas/2021-12-07_982_agenda.pdf,accepted,2026-08-28T01:54:22Z,de02b2ed4dfcb69d174785e5f356c93abf011d37bb8aafdee0147e93235b61bd,
hernando_2022_02_16,2022-01-11,board_agenda,985,https://hernandoschools.legistar1.com/hernandoschools/meetings/2022/1/985_A_School_Board_Regular_Meeting_22-01-11_Agenda.pdf,data/raw/hernando_2022_02_16/legistar/agendas/2022-01-11_985_agenda.pdf,accepted,2026-08-28T01:54:24Z,c79bd8764a42e356d0e68c8134e2868c0fe4573dff303594248b68147337cdd3,
hernando_2022_02_16,2022-01-25,board_agenda,988,https://hernandoschools.legistar1.com/hernandoschools/meetings/2022/1/988_A_School_Board_Regular_Meeting_22-01-25_Agenda.pdf,data/raw/hernando_2022_02_16/legistar/agendas/2022-01-25_988_agenda.pdf,accepted,2026-08-28T01:54:25Z,d48575852c4cb790115a60c6bf16cf39acd53737b4e3489d565b6a41dd3d38cf,
hernando_2022_02_16,2022-02-08,board_agenda,990,https://hernandoschools.legistar1.com/hernandoschools/meetings/2022/2/990_A_School_Board_Workshop_22-02-08_Agenda.pdf,data/raw/hernando_2022_02_16/legistar/agendas/2022-02-08_990_agenda.pdf,accepted,2026-08-28T01:54:27Z,6e531e1619bcd2360d9e688c3afc7410f3c059e6d0923eca7e9c568caedc12af,
hernando_2022_02_16,2022-02-08,board_agenda,991,https://hernandoschools.legistar1.com/hernandoschools/meetings/2022/2/991_A_School_Board_Regular_Meeting_22-02-08_Agenda.pdf,data/raw/hernando_2022_02_16/legistar/agendas/2022-02-08_991_agenda.pdf,accepted,2026-08-28T01:54:29Z,6efe88ea0ae10bfdec81019d20db4760d426a50345354a3e28ee45e060912311,
miami_dade_2022_04_15,2020-10-21,meeting_agenda,Bd102120,https://pdfs.dadeschools.net/Bdarch/2020/Bd102120/regular-agenda.html,data/raw/miami_dade_2022_04_15/board_archive/2020-10-21/66f6e1f0e73029e8__regular-agenda.html,accepted,2026-08-27T18:45:48Z,5180e17f00e144f4982d0f6cf9b3dc80b0d28e4a24f70c8e1ef45627da6fc5ab,
miami_dade_2022_04_15,2020-11-12,procurement_solicitation,ITN-20-007-DP,http://procurement.dadeschools.net/bidsol/pdf/bids/itn-20-007-dp.pdf,data/raw/miami_dade_2022_04_15/procurement_solicitation/2020-11-12/ITN-20-007-DP/ed930db75b7e7863__itn-20-007-dp.pdf,accepted,2026-08-27T19:21:19Z,903c8790f12552a7825147eac1939f6fd40d7e843e20fc60c1363236e33cf847,
miami_dade_2022_04_15,2020-11-22,budget_archive,acfr_fy2020,https://api.dadeschools.net/WMSFiles/145/Comprehensive-Annual-Fin-Report/Comprehensive_Annual_Financial_Report_FY_2020.pdf,data/raw/miami_dade_2022_04_15/budget_archive/2020-11-22/acfr_fy2020/b11448503c7daedf__Comprehensive_Annual_Financial_Report_FY_2020.pdf,accepted,2026-08-27T19:38:13Z,14bed642aebc14021c2b4b49171b0d40953b188cc4c636f9e7b7aa1b1dd8c1ae,Document date from embedded PDF CreationDate metadata
miami_dade_2022_04_15,2020-12-09,meeting_agenda,Bd120920,https://pdfs.dadeschools.net/Bdarch/2020/Bd120920/regular-agenda.html,data/raw/miami_dade_2022_04_15/board_archive/2020-12-09/5bf3e4891c1af4b4__regular-agenda.html,accepted,2026-08-27T18:46:53Z,2eba9a2adc6e75da584f10e75aaac4058b718b135f25de595dddfc12a8e5e7d4,
miami_dade_2022_04_15,2021-01-13,meeting_agenda,Bd011321,https://pdfs.dadeschools.net/Bdarch/2021/Bd011321/regular-agenda.html,data/raw/miami_dade_2022_04_15/board_archive/2021-01-13/35b10be3f72c8d4f__regular-agenda.html,accepted,2026-08-27T18:47:26Z,dd39a8ac8064fd693850fe7be82bf580a7647a99e4060e6fbf1dcd752867ab30,
miami_dade_2022_04_15,2021-03-17,meeting_agenda,Bd031721,https://pdfs.dadeschools.net/Bdarch/2021/Bd031721/regular-agenda.html,data/raw/miami_dade_2022_04_15/board_archive/2021-03-17/26d5c24a649bb483__regular-agenda.html,accepted,2026-08-27T18:49:23Z,d020bc93d492675f78c26d7ff7bc4a97f3e95bb382d4ffc42b6ac7b180985147,
miami_dade_2022_04_15,2021-04-15,procurement_solicitation,ITB-20-033-DP,http://procurement.dadeschools.net/bidsol/pdf/bids/itb-20-033-dp.zip,data/raw/miami_dade_2022_04_15/procurement_solicitation/2021-04-15/ITB-20-033-DP/ba638d8982caf314__ITB-20-033-DP_Telephone_Equipment_and_Repair.pdf,accepted,2026-08-27T19:24:05Z,4f2061b8adbc6e54b6ed3585f21f7dbbb8139e0c34bc3ae4cf83138f6e90d5f2,Extracted primary official ZIP member: ITB-20-033-DP Telephone Equipment and Repair.pdf
miami_dade_2022_04_15,2021-04-21,meeting_agenda,Bd042121,https://pdfs.dadeschools.net/Bdarch/2021/Bd042121/regular-agenda.html,data/raw/miami_dade_2022_04_15/board_archive/2021-04-21/ad0cd5aed17b33c5__regular-agenda.html,accepted,2026-08-27T18:50:27Z,6cf7fd6a332fd0db1aa5613c00a741fb16dec7287161080047406bd96672fea7,
miami_dade_2022_04_15,2021-04-28,workshop_material,Bd042821,https://pdfs.dadeschools.net/Bdarch/2021/Bd042821/materials.pdf,data/raw/miami_dade_2022_04_15/board_archive/2021-04-28/deed169a014daa1b__materials.pdf,accepted,2026-08-27T18:50:43Z,84015fbced5b2986dc114da36bad6fab1bd4aeaf32afa826e75c6e21d11aa6a4,
miami_dade_2022_04_15,2021-06-23,meeting_agenda,Bd062321,https://pdfs.dadeschools.net/Bdarch/2021/Bd062321/regular-agenda.html,data/raw/miami_dade_2022_04_15/board_archive/2021-06-23/9335bc78315e404b__regular-agenda.html,accepted,2026-08-27T18:52:19Z,fefd272d863a37a01209cc5441a3d8fc1ad6b926585863fea92a1ec728bbc607,
miami_dade_2022_04_15,2021-08-18,meeting_agenda,Bd081821,https://pdfs.dadeschools.net/Bdarch/2021/Bd081821/regular-agenda.html,data/raw/miami_dade_2022_04_15/board_archive/2021-08-18/c0a4158f07e239f2__regular-agenda.html,accepted,2026-08-27T18:53:36Z,948fc494da7815d84baa9b20dd2ce9f1de5d36d4ea072e3a9c25711fe03ed190,
miami_dade_2022_04_15,2021-09-07,budget_archive,adopted_budget_forms_2021_22,https://api.dadeschools.net/WMSFiles/145/Adopted%20Annual%20Budget/21-22-STATE-BUDGET-FORMS.pdf,data/raw/miami_dade_2022_04_15/budget_archive/2021-09-07/adopted_budget_forms_2021_22/7f085cb45489c2af__21-22-STATE-BUDGET-FORMS.pdf,accepted,2026-08-27T19:24:59Z,cf5447aa41c8b97acc9535bb5c06bef13a4df845d1e90110be4b2165c4caf3e3,Document date from embedded PDF CreationDate metadata
miami_dade_2022_04_15,2021-09-09,meeting_agenda,Bd090921,https://pdfs.dadeschools.net/Bdarch/2021/Bd090921/regular-agenda.html,data/raw/miami_dade_2022_04_15/board_archive/2021-09-09/702547d95d1c43c0__regular-agenda.html,accepted,2026-08-27T18:54:33Z,d1d20e25fdb47927aa67d90fd15ee53e41e092a784c3336667f9245de578c401,
miami_dade_2022_04_15,2021-09-14,procurement_solicitation,ITB-20-068-CM,http://procurement.dadeschools.net/bidsol/pdf/bids/itb-20-068-cm.zip,data/raw/miami_dade_2022_04_15/procurement_solicitation/2021-09-14/ITB-20-068-CM/6bcad9e2df6867ec__ITB-20-068-CM_Recycling_of_Computing_Devices.pdf,accepted,2026-08-27T19:20:08Z,fd156c59f5d0b653378528c1097984eb0c0d86256d44e6cb3b61fb47218594b2,Extracted primary official ZIP member: ITB-20-068-CM Recycling of Computing Devices.pdf
miami_dade_2022_04_15,2021-11-17,meeting_agenda,Bd111721,https://pdfs.dadeschools.net/Bdarch/2021/Bd111721/regular-agenda.html,data/raw/miami_dade_2022_04_15/board_archive/2021-11-17/b58a54893adb7cba__regular-agenda.html,accepted,2026-08-27T18:55:43Z,5da68e71415514cecf4d940245f5e9f8b60a51dda7da7ceaf91ae213e3d07122,
miami_dade_2022_04_15,2022-01-12,meeting_agenda,Bd011222,https://pdfs.dadeschools.net/Bdarch/2022/Bd011222/regular-agenda.html,data/raw/miami_dade_2022_04_15/board_archive/2022-01-12/6971dc6c7e99e2b5__regular-agenda.html,accepted,2026-08-27T18:56:54Z,062a926a908585a36127ed406046fc84c18539c2fd427485d6ea70b0a358df1a,
miami_dade_2022_04_15,2022-02-02,workshop_material,Bd020222,https://pdfs.dadeschools.net/Bdarch/2022/Bd020222/board-workshop.html,data/raw/miami_dade_2022_04_15/board_archive/2022-02-02/67cd9e0799a2d10e__board-workshop.html,accepted,2026-08-27T18:57:00Z,0bc09ed4065ebca1dd35e96b4ff5226f86f8da51fc92946e69c50237a6e093fc,
miami_dade_2022_04_15,2022-02-17,procurement_solicitation,RFP-21-036-CM,http://procurement.dadeschools.net/bidsol/pdf/bids/rfp-21-036-cm.pdf,data/raw/miami_dade_2022_04_15/procurement_solicitation/2022-02-17/RFP-21-036-CM/33db8f2974ba3986__rfp-21-036-cm.pdf,accepted,2026-08-27T19:22:42Z,0200e715bd389091db2a9d7739e62b08cc3724624877f5d354cb23d66bd061a6,
miami_dade_2022_04_15,2022-03-09,meeting_agenda,Bd030922,https://pdfs.dadeschools.net/Bdarch/2022/Bd030922/regular-agenda.html,data/raw/miami_dade_2022_04_15/board_archive/2022-03-09/09f4e0cd0a620e8f__regular-agenda.html,accepted,2026-08-27T18:58:03Z,6775a89e726db189fc0c0131e17f9a7eb1474800884be7429ed1654b189818ed,
miami_dade_2022_04_15,2022-04-13,meeting_agenda,Bd041322,https://pdfs.dadeschools.net/Bdarch/2022/Bd041322/regular-agenda.html,data/raw/miami_dade_2022_04_15/board_archive/2022-04-13/9b0d5bdd08d76e29__regular-agenda.html,accepted,2026-08-27T18:58:57Z,2444d87cfbc4b8b29063737d55e81edaa9f5ed2ea55ac7a00bb6e757ea03565c,
volusia_2022_09_12,2021-03-17,procurement_notice,SSN 21-001EB,https://www.myvendorlink.com/agencies/vcsb/solicitationdetails?vsn=108222,data/raw/volusia_2022_09_12/vendorlink/notices/2021-03-17_108222_SSN 21-001EB.html,accepted,2026-08-27T19:20:25Z,347b807436f769c2f205212e6b53a7cddbc7b7153b93b81b9308d60db12d564a,
volusia_2022_09_12,2021-03-30,board_packet,BXGKKR522799,https://go.boarddocs.com/fla/vcsfl/Board.nsf/Download-AgendaDetailed?open&id=BXGKKR522799,data/raw/volusia_2022_09_12/boarddocs/packets/2021-03-30_BXGKKR522799.html,accepted,2026-08-27T19:14:39Z,520cb412f1f8c435444842d9cdc907da9fe3003218d961f14aafb79c1abcc4a1,
volusia_2022_09_12,2021-03-30,workshop_packet,BXGKV352A1BD,https://go.boarddocs.com/fla/vcsfl/Board.nsf/Download-AgendaDetailed?open&id=BXGKV352A1BD,data/raw/volusia_2022_09_12/boarddocs/packets/2021-03-30_BXGKV352A1BD.html,accepted,2026-08-27T19:14:36Z,31201cf7586ed6e7ed0608a482381a59f9235fe8c60bd99b59cccb6292613816,
volusia_2022_09_12,2021-04-27,board_packet,BYQUW273BD5A,https://go.boarddocs.com/fla/vcsfl/Board.nsf/Download-AgendaDetailed?open&id=BYQUW273BD5A,data/raw/volusia_2022_09_12/boarddocs/packets/2021-04-27_BYQUW273BD5A.html,accepted,2026-08-27T19:14:39Z,46270e933eaaa2a27854ffa47b3f4b4942487ac61459df7aeba7e5bd7da0c1f2,
volusia_2022_09_12,2021-06-22,board_packet,C2JPFN63A84E,https://go.boarddocs.com/fla/vcsfl/Board.nsf/Download-AgendaDetailed?open&id=C2JPFN63A84E,data/raw/volusia_2022_09_12/boarddocs/packets/2021-06-22_C2JPFN63A84E.html,accepted,2026-08-27T19:14:44Z,dcd699fbce13901a9d9cc5c414b7a87b4ac066a43ec8e5186f090bd9b971bafb,
volusia_2022_09_12,2021-08-10,board_packet,C4QGSJ4537D1,https://go.boarddocs.com/fla/vcsfl/Board.nsf/Download-AgendaDetailed?open&id=C4QGSJ4537D1,data/raw/volusia_2022_09_12/boarddocs/packets/2021-08-10_C4QGSJ4537D1.html,accepted,2026-08-27T19:14:45Z,7fc1972fe83cd091698627430bf657687011c4101b412439ed1a4bc28f3ea287,
volusia_2022_09_12,2021-08-31,procurement_notice,MTS-22-002LS,https://www.myvendorlink.com/agencies/vcsb/solicitationdetails?vsn=117139,data/raw/volusia_2022_09_12/vendorlink/notices/2021-08-31_117139_MTS-22-002LS.html,accepted,2026-08-27T19:20:24Z,079e6f571b00698df7b8d1d452cf4f8f5f5c810005432e552bc74b92f0f132c6,
volusia_2022_09_12,2021-09-14,workshop_packet,C66GQQ4489B8,https://go.boarddocs.com/fla/vcsfl/Board.nsf/Download-AgendaDetailed?open&id=C66GQQ4489B8,data/raw/volusia_2022_09_12/boarddocs/packets/2021-09-14_C66GQQ4489B8.html,accepted,2026-08-27T19:14:45Z,15a56d6b970968ac5129a7e190062fdd476343b841ed70b68bcc1ff8393a0285,
volusia_2022_09_12,2021-09-28,board_packet,C5HKTA532294,https://go.boarddocs.com/fla/vcsfl/Board.nsf/Download-AgendaDetailed?open&id=C5HKTA532294,data/raw/volusia_2022_09_12/boarddocs/packets/2021-09-28_C5HKTA532294.html,accepted,2026-08-27T19:14:49Z,256af80bd48d3da0e0c0e0a7b872aff2ac66d298b1780dcc8992c58cffacb0e1,
volusia_2022_09_12,2021-11-16,board_packet,C79HV3498702,https://go.boarddocs.com/fla/vcsfl/Board.nsf/Download-AgendaDetailed?open&id=C79HV3498702,data/raw/volusia_2022_09_12/boarddocs/packets/2021-11-16_C79HV3498702.html,accepted,2026-08-27T19:14:49Z,0d6a48474021e5145e17dae7b85039b675d2c9567f9ec777d742d2cff07405e0,
volusia_2022_09_12,2022-01-11,board_packet,C98KT4535659,https://go.boarddocs.com/fla/vcsfl/Board.nsf/Download-AgendaDetailed?open&id=C98KT4535659,data/raw/volusia_2022_09_12/boarddocs/packets/2022-01-11_C98KT4535659.html,accepted,2026-08-27T19:14:51Z,63daf21c78946a02b43a9cb1cc8ced573c7ad3de7b7c3f0c5f4149a0cb254cdc,
volusia_2022_09_12,2022-02-16,procurement_notice,RFQ 22-006JH,https://www.myvendorlink.com/agencies/vcsb/solicitationdetails?vsn=125231,data/raw/volusia_2022_09_12/vendorlink/notices/2022-02-16_125231_RFQ 22-006JH.html,accepted,2026-08-27T19:20:21Z,40a66d6d538b57e5a91c0fd93d5219f204f66b611c667f20be0031bfbcfee311,
volusia_2022_09_12,2022-02-22,board_packet,CACP385EF413,https://go.boarddocs.com/fla/vcsfl/Board.nsf/Download-AgendaDetailed?open&id=CACP385EF413,data/raw/volusia_2022_09_12/boarddocs/packets/2022-02-22_CACP385EF413.html,accepted,2026-08-27T19:15:00Z,4201dbb9ad13e65fe030b2c070405122f25b0df0fbd356ebbc83bd2bbb7602e6,
volusia_2022_09_12,2022-03-08,workshop_packet,CACNUD5E2AA7,https://go.boarddocs.com/fla/vcsfl/Board.nsf/Download-AgendaDetailed?open&id=CACNUD5E2AA7,data/raw/volusia_2022_09_12/boarddocs/packets/2022-03-08_CACNUD5E2AA7.html,accepted,2026-08-27T19:14:53Z,5dffa04b6cfaa225d8eecea8915503d56e158ef4847f433f29f624e8a277b5ec,
volusia_2022_09_12,2022-04-12,board_packet,CB3J594B7746,https://go.boarddocs.com/fla/vcsfl/Board.nsf/Download-AgendaDetailed?open&id=CB3J594B7746,data/raw/volusia_2022_09_12/boarddocs/packets/2022-04-12_CB3J594B7746.html,accepted,2026-08-27T19:15:00Z,35a6ce4591e47f9123121aff9dc789e4cc038295e17f6c4111f8265c2f244741,
volusia_2022_09_12,2022-06-14,board_packet,CDMJFW4D0791,https://go.boarddocs.com/fla/vcsfl/Board.nsf/Download-AgendaDetailed?open&id=CDMJFW4D0791,data/raw/volusia_2022_09_12/boarddocs/packets/2022-06-14_CDMJFW4D0791.html,accepted,2026-08-27T19:15:09Z,6b2b8e3ea6cdff80b4cb3392bff979448cedee9894402ad3e10b48c58199bee0,
volusia_2022_09_12,2022-07-26,board_packet,CG2GTF454253,https://go.boarddocs.com/fla/vcsfl/Board.nsf/Download-AgendaDetailed?open&id=CG2GTF454253,data/raw/volusia_2022_09_12/boarddocs/packets/2022-07-26_CG2GTF454253.html,accepted,2026-08-27T19:15:06Z,eb1a400ea03fa9f75d933b2db34dba666844b94753be4dea6e5be34ba4228be8,
volusia_2022_09_12,2022-08-08,workshop_packet,CG2H7D465BF5,https://go.boarddocs.com/fla/vcsfl/Board.nsf/Download-AgendaDetailed?open&id=CG2H7D465BF5,data/raw/volusia_2022_09_12/boarddocs/packets/2022-08-08_CG2H7D465BF5.html,accepted,2026-08-27T19:15:06Z,68b0ad970287f6aff75812cb3a183d556abb662619b852dfdc29591b2e56c44d,
volusia_2022_09_12,2022-08-30,board_packet,CGQL2M540A7B,https://go.boarddocs.com/fla/vcsfl/Board.nsf/Download-AgendaDetailed?open&id=CGQL2M540A7B,data/raw/volusia_2022_09_12/boarddocs/packets/2022-08-30_CGQL2M540A7B.html,accepted,2026-08-27T19:15:07Z,c2cad7bb23272e1f75b97f55cbc490ff418f288446788f6f21c62449cc424656,
volusia_2022_09_12,2022-09-06,procurement_notice,RFQ-23-007KG,https://www.myvendorlink.com/agencies/vcsb/solicitationdetails?vsn=135743,data/raw/volusia_2022_09_12/vendorlink/notices/2022-09-06_135743_RFQ-23-007KG.html,accepted,2026-08-27T19:20:19Z,263937a9b7f805754d16bbbf6e6663b1474c27ae07c6172f63ddd742de5eb08d,
flagler_2022_01_21,2020-08-24,budget_amendment,BudgetArchive-edaead34ab,https://files.smartsites.parentsquare.com/12040/2020budgettransfersjuly.pdf,data/raw/flagler_2022_01_21/budget_archive/budget_amendment/edaead34ab_2020budgettransfersjuly.pdf,accepted,2026-08-28T01:35:32Z,7701e69ac26efde2812ffbfa6ae2586c95d401290435d662c640a623044e81b9,Budget Amendments: 2020 Budget Transfers July; date from embedded PDF metadata; retrieved_at from local file creation time
flagler_2022_01_21,2020-09-08,budget_detail,BudgetArchive-90882a1422,https://files.smartsites.parentsquare.com/12040/adultswithdisabilities_1.pdf,data/raw/flagler_2022_01_21/budget_archive/budget_detail/90882a1422_adultswithdisabilities_1.pdf,accepted,2026-08-28T01:35:32Z,16fb6e2160b32be70ac34093ed97ea1138ac187c6f3166c4407ab43984291ccd,District Budget: Adults With Disabilities; archive group 2020-21; date from embedded PDF metadata; retrieved_at from local file creation time
flagler_2022_01_21,2020-10-28,budget_amendment,BudgetArchive-34fb00743c,https://files.smartsites.parentsquare.com/12040/2020budgetrevisionsseptember.pdf,data/raw/flagler_2022_01_21/budget_archive/budget_amendment/34fb00743c_2020budgetrevisionsseptember.pdf,accepted,2026-08-28T01:35:32Z,9450abaac3bb2418f3d1909a056ed2b7c550c4828fcc875a149cb47d722e273a,Budget Amendments: 2020 Budget Revisions September; date from embedded PDF metadata; retrieved_at from local file creation time
flagler_2022_01_21,2020-12-23,financial_statement,BudgetArchive-5fb1cef122,https://files.smartsites.parentsquare.com/12040/2020november.pdf,data/raw/flagler_2022_01_21/budget_archive/financial_statement/5fb1cef122_2020november.pdf,accepted,2026-08-28T01:35:32Z,db484ecd3107198c068b21652d802eafbeb7b28fe3626aa1670018cba3289037,Financial Statements: 2020 November; date from embedded PDF metadata; retrieved_at from local file creation time
flagler_2022_01_21,2021-01-24,budget_amendment,BudgetArchive-22ea4e2f61,https://files.smartsites.parentsquare.com/12040/2020budgetrevisionsdecember.pdf,data/raw/flagler_2022_01_21/budget_archive/budget_amendment/22ea4e2f61_2020budgetrevisionsdecember.pdf,accepted,2026-08-28T01:35:32Z,6c09e5a614b6d95eec4e4defa816c4460a3ff2bb524d9da50913bde13ff99a3a,Budget Amendments: 2020 Budget Revisions December; date from embedded PDF metadata; retrieved_at from local file creation time
flagler_2022_01_21,2021-03-28,budget_amendment,BudgetArchive-9eaf5a900e,https://files.smartsites.parentsquare.com/12040/2021budgettransfersfebruary.pdf,data/raw/flagler_2022_01_21/budget_archive/budget_amendment/9eaf5a900e_2021budgettransfersfebruary.pdf,accepted,2026-08-28T01:35:32Z,f00325d6abad7e142d1b6dbef6145ee222238bc6fd12df44124bfa665d1d270b,Budget Amendments: 2021 Budget Transfers February; date from embedded PDF metadata; retrieved_at from local file creation time
flagler_2022_01_21,2021-05-23,budget_amendment,BudgetArchive-2b802ca580,https://files.smartsites.parentsquare.com/12040/2021budgetrevisionsapril.pdf,data/raw/flagler_2022_01_21/budget_archive/budget_amendment/2b802ca580_2021budgetrevisionsapril.pdf,accepted,2026-08-28T01:35:32Z,a00fb99d9b7c3efeb2fa396ff4162f5199a352bff328e8766fa3671d8a44fdbc,Budget Amendments: 2021 Budget Revisions April; date from embedded PDF metadata; retrieved_at from local file creation time
flagler_2022_01_21,2021-06-30,budget_amendment,BudgetArchive-33856c95c8,https://files.smartsites.parentsquare.com/12040/2021budgetrevisionsmay.pdf,data/raw/flagler_2022_01_21/budget_archive/budget_amendment/33856c95c8_2021budgetrevisionsmay.pdf,accepted,2026-08-28T01:35:32Z,ee94f8cf580bf850c6e178de3e7f419956bb0b401cb06b93212cc879de839e1d,Budget Amendments: 2021 Budget Revisions May; date from embedded PDF metadata; retrieved_at from local file creation time
flagler_2022_01_21,2021-09-02,budget_amendment,BudgetArchive-3854476888,https://files.smartsites.parentsquare.com/12040/2021budgetrevisionsjuly.pdf,data/raw/flagler_2022_01_21/budget_archive/budget_amendment/3854476888_2021budgetrevisionsjuly.pdf,accepted,2026-08-28T01:35:32Z,bd1fff5d11839744c8e5e2cda5694614c6044a4db81f96a9c960c7d2298510d3,Budget Amendments: 2021 Budget Revisions July; date from embedded PDF metadata; retrieved_at from local file creation time
flagler_2022_01_21,2021-10-04,budget_amendment,BudgetArchive-66c6d655df,https://files.smartsites.parentsquare.com/12040/2021budgetrevisionsaugust.pdf,data/raw/flagler_2022_01_21/budget_archive/budget_amendment/66c6d655df_2021budgetrevisionsaugust.pdf,accepted,2026-08-28T01:35:32Z,73081501196346139bc3b2775b04cc7ee839c1c2460cb134ce3a9464e746a5a4,Budget Amendments: 2021 Budget Revisions August; date from embedded PDF metadata; retrieved_at from local file creation time
flagler_2022_01_21,2021-10-21,procurement_notice,OpenGov-20-01Q-71012,https://api.procurement.opengov.com/api/v1/project/13323?attachment_id=71012,"data/raw/flagler_2022_01_21/opengov/13323/71012_22-01Q,_Architectural_&_Engineering_Services_for_Matanzas_High_School_Addition_&_Renovations.pdf",accepted,2026-08-28T01:31:01Z,5bf4fe80028d2dda21bbe36eb6f7c8badc694429648d24a0cebb8fc7859ab6a6,OpenGov project 13323 attachment 71012; project metadata identifies 20-01Q; attachment text displays 22-01Q; retrieved_at from local file creation time
flagler_2022_01_21,2021-11-09,procurement_addendum,OpenGov-20-01Q-74026,https://api.procurement.opengov.com/api/v1/attachments/74026,data/raw/flagler_2022_01_21/opengov/13323/74026_22-01Q_Addendum_No._1.pdf,accepted,2026-08-28T01:48:42Z,a215da55bb6e4df2e0265101d4a297f47aafa10757da8ef182174b5f79764f9d,20-01Q Addendum No. 1; OpenGov attachment 74026; retrieved_at from local file creation time
flagler_2022_01_21,2021-11-30,budget_amendment,BudgetArchive-123c46ceaa,https://files.smartsites.parentsquare.com/12040/2021budgetrevisionsoctober.pdf,data/raw/flagler_2022_01_21/budget_archive/budget_amendment/123c46ceaa_2021budgetrevisionsoctober.pdf,accepted,2026-08-28T01:35:32Z,a00181dcfc52bfceace521d975ca7ea73657ee7cd1677b14e9c097ef4c1eaa7c,Budget Amendments: 2021 Budget Revisions October; date from embedded PDF metadata; retrieved_at from local file creation time
flagler_2022_01_21,2021-12-02,financial_statement,BudgetArchive-41d1abdbe9,https://files.smartsites.parentsquare.com/12040/2021october.pdf,data/raw/flagler_2022_01_21/budget_archive/financial_statement/41d1abdbe9_2021october.pdf,accepted,2026-08-28T01:35:32Z,5b747a63d5fe8fd9e92b21dfc35062590aa95ad9cdb3e969380b84a971c444da,Financial Statements: 2021 October; date from embedded PDF metadata; retrieved_at from local file creation time
flagler_2022_01_21,2021-12-30,procurement_notice,OpenGov-22-05B-83502,https://api.procurement.opengov.com/api/v1/project/15314?attachment_id=83502,"data/raw/flagler_2022_01_21/opengov/15314/83502_22-05B,_Grounds_Maintenance.pdf",accepted,2026-08-28T01:31:13Z,b30354545014ccc78ce3e3bb4b6bedff3fac04509cd35f79679df39792e720c0,OpenGov project 15314 attachment 83502; 22-05B Grounds Maintenance Services; retrieved_at from local file creation time
flagler_2022_01_21,2022-01-14,procurement_notice,OpenGov-22-10P-86511,https://api.procurement.opengov.com/api/v1/project/15832?attachment_id=86511,"data/raw/flagler_2022_01_21/opengov/15832/86511_22-010P,_Telecommunication_Service.pdf",accepted,2026-08-28T01:31:20Z,1349ff8af2a3340667389ae1863fadd2ad67c394e1c3ce235eb55b051ec6561a,OpenGov project 15832 attachment 86511; RFP 22-10P Telecommunications Service Voice/Internet; retrieved_at from local file creation time
control_nassau_2022_01_21,2020-07-23,board_agenda,BQGJJM4C2815,https://go.boarddocs.com/fl/nassau/Board.nsf/PRINT-AgendaDetailed?open&id=BQGJJM4C2815,data/raw/control_nassau/boarddocs/agendas/2020-07-23_BQGJJM4C2815.html,accepted,2026-08-28T19:26:54Z,918b2abdde684f5a10d737a98220ae482f52e0a43acbd94652a787459369784e,"The School Board of Nassau County, Florida; selected by date and source class before content inspection"
control_nassau_2022_01_21,2020-09-10,board_agenda,BS2Q4N672A0B,https://go.boarddocs.com/fl/nassau/Board.nsf/PRINT-AgendaDetailed?open&id=BS2Q4N672A0B,data/raw/control_nassau/boarddocs/agendas/2020-09-10_BS2Q4N672A0B.html,accepted,2026-08-28T19:26:55Z,15c41ad6b1f008b3f885fb396f85354fe14a9ad218c7977970e83d7a5e4307a0,School Board Special Meeting - Budget; selected by date and source class before content inspection
control_nassau_2022_01_21,2020-10-22,board_agenda,BT2NP95DA863,https://go.boarddocs.com/fl/nassau/Board.nsf/PRINT-AgendaDetailed?open&id=BT2NP95DA863,data/raw/control_nassau/boarddocs/agendas/2020-10-22_BT2NP95DA863.html,accepted,2026-08-28T19:26:55Z,a3e36955faa45cd6f5c3d42032814d119d80503f2510cef0e1c07a5a7f650766,"The School Board of Nassau County, Florida; selected by date and source class before content inspection"
control_nassau_2022_01_21,2020-12-10,board_agenda,BT2NUP5DB191,https://go.boarddocs.com/fl/nassau/Board.nsf/PRINT-AgendaDetailed?open&id=BT2NUP5DB191,data/raw/control_nassau/boarddocs/agendas/2020-12-10_BT2NUP5DB191.html,accepted,2026-08-28T19:26:56Z,7b0564369f6e9b77040cbf161a2eafccccc1de5e63595c44512cb7f5fcb3502e,"The School Board of Nassau County, Florida; selected by date and source class before content inspection"
control_nassau_2022_01_21,2021-02-01,board_agenda,BW5HLN4909F4,https://go.boarddocs.com/fl/nassau/Board.nsf/PRINT-AgendaDetailed?open&id=BW5HLN4909F4,data/raw/control_nassau/boarddocs/agendas/2021-02-01_BW5HLN4909F4.html,accepted,2026-08-28T19:26:57Z,dd8d6b7f1fac970ff25bb7a9579db5df5652774e4fd66d9dbdd110a83daf3335,Joint Meeting with School Board and Hilliard Town Council; selected by date and source class before content inspection
control_nassau_2022_01_21,2021-03-31,board_agenda,BYYQG768D2F0,https://go.boarddocs.com/fl/nassau/Board.nsf/PRINT-AgendaDetailed?open&id=BYYQG768D2F0,data/raw/control_nassau/boarddocs/agendas/2021-03-31_BYYQG768D2F0.html,accepted,2026-08-28T19:26:58Z,8080ca9a440d023a6550ae79a36b24360bfca3426cbf77880c5e242c5d28a7d3,Joint Meeting with School Board and City of Fernandina Beach; selected by date and source class before content inspection
control_nassau_2022_01_21,2021-05-13,board_agenda,BZ5QG6692CA1,https://go.boarddocs.com/fl/nassau/Board.nsf/PRINT-AgendaDetailed?open&id=BZ5QG6692CA1,data/raw/control_nassau/boarddocs/agendas/2021-05-13_BZ5QG6692CA1.html,accepted,2026-08-28T19:26:59Z,b7e9a7d1614fdd5281bc83c7ac4a21127ab561c25b8fa5ce1dc8c4464800e964,"The School Board of Nassau County, Florida; selected by date and source class before content inspection"
control_nassau_2022_01_21,2021-07-08,board_agenda,C22LQD527E6B,https://go.boarddocs.com/fl/nassau/Board.nsf/PRINT-AgendaDetailed?open&id=C22LQD527E6B,data/raw/control_nassau/boarddocs/agendas/2021-07-08_C22LQD527E6B.html,accepted,2026-08-28T19:27:00Z,1b3fce16475bb45aeb51867bf64639c37a62f366f36879aeb38d14807aa17492,"The School Board of Nassau County, Florida; selected by date and source class before content inspection"
control_nassau_2022_01_21,2021-08-26,board_agenda,C22KV85269DB,https://go.boarddocs.com/fl/nassau/Board.nsf/PRINT-AgendaDetailed?open&id=C22KV85269DB,data/raw/control_nassau/boarddocs/agendas/2021-08-26_C22KV85269DB.html,accepted,2026-08-28T19:27:01Z,a62adeb933de448614e204dea593a7b1881a11c57834f82ff89d64c6e7420c35,"The School Board of Nassau County, Florida; selected by date and source class before content inspection"
control_nassau_2022_01_21,2021-10-14,board_agenda,C22LFB527734,https://go.boarddocs.com/fl/nassau/Board.nsf/PRINT-AgendaDetailed?open&id=C22LFB527734,data/raw/control_nassau/boarddocs/agendas/2021-10-14_C22LFB527734.html,accepted,2026-08-28T19:27:02Z,735fbf14628d40c7310c2abdf88af69b762158fa6151d237924795b4d46f5c6b,"The School Board of Nassau County, Florida; selected by date and source class before content inspection"
control_nassau_2022_01_21,2021-12-09,board_agenda,C8FQBV689140,https://go.boarddocs.com/fl/nassau/Board.nsf/PRINT-AgendaDetailed?open&id=C8FQBV689140,data/raw/control_nassau/boarddocs/agendas/2021-12-09_C8FQBV689140.html,accepted,2026-08-28T19:27:03Z,ab98673a15c92bae262e815c826bb6e3c80f42ecb707c320d812d0d935c7f2d8,"The School Board of Nassau County, Florida; selected by date and source class before content inspection"
control_nassau_2022_01_21,2022-01-13,board_agenda,C8PPH564A726,https://go.boarddocs.com/fl/nassau/Board.nsf/PRINT-AgendaDetailed?open&id=C8PPH564A726,data/raw/control_nassau/boarddocs/agendas/2022-01-13_C8PPH564A726.html,accepted,2026-08-28T19:27:04Z,d202f43c1df1e038d50456b3a4988f3d3e313dcc6b55f0c64fe0e9c96f58fd7b,"The School Board of Nassau County, Florida; selected by date and source class before content inspection"
control_nassau_2022_01_21,,bounded_negative_search,boarddocs-usac-negative-search,https://go.boarddocs.com/fl/nassau/Board.nsf/Public,,unavailable,,,Bounded negative search covered 63 official BoardDocs agendas dated 2020-07-21 through 2022-01-20 and 11 in-window USAC Form 470 records. No cybersecurity procurement outcome or cyber-term hit was found. Claim is limited to these official surfaces and date bounds.
control_citrus_2022_01_20,2020-07-22,board_agenda,BRPTLQ7362B8,https://go.boarddocs.com/fl/citrus/Board.nsf/PRINT-AgendaDetailed?open&id=BRPTLQ7362B8,data/raw/control_citrus/boarddocs/agendas/2020-07-22_BRPTLQ7362B8.html,accepted,2026-08-28T19:27:04Z,d8435075935cb4e211de58ce001f260f8c126badc432d2022421917e7ae12a56,AMENDED AGENDA - EMERGENCY MEETING: 2:00 P.M.; selected by date and source class before content inspection
control_citrus_2022_01_20,2020-09-08,board_agenda,BQ8KFV51B777,https://go.boarddocs.com/fl/citrus/Board.nsf/PRINT-AgendaDetailed?open&id=BQ8KFV51B777,data/raw/control_citrus/boarddocs/agendas/2020-09-08_BQ8KFV51B777.html,accepted,2026-08-28T19:27:05Z,0cdea5c3730ae7f9d476f05f286c600e46e33d5440b3bb20a05a42bdbc2fbe91,REGULAR SCHOOL BOARD MEETING - Amended; selected by date and source class before content inspection
control_citrus_2022_01_20,2020-10-27,board_agenda,BT4KU7530FDF,https://go.boarddocs.com/fl/citrus/Board.nsf/PRINT-AgendaDetailed?open&id=BT4KU7530FDF,data/raw/control_citrus/boarddocs/agendas/2020-10-27_BT4KU7530FDF.html,accepted,2026-08-28T19:27:06Z,d437f16b7d3c89e4fc5c9cf5c3d20ff68841bc4003e9451d4a21f223ad11ca8c,SPECIAL MEETING AND WORKSHOP; selected by date and source class before content inspection
control_citrus_2022_01_20,2020-12-08,board_agenda,BT4L2C546C6F,https://go.boarddocs.com/fl/citrus/Board.nsf/PRINT-AgendaDetailed?open&id=BT4L2C546C6F,data/raw/control_citrus/boarddocs/agendas/2020-12-08_BT4L2C546C6F.html,accepted,2026-08-28T19:27:07Z,4bc5907291fb59bd26bf0ea9c580417a50928096090e803c92f3b26be8991dae,REGULAR SCHOOL BOARD MEETING; selected by date and source class before content inspection
control_citrus_2022_01_20,2021-02-09,board_agenda,BT4LQ956CA12,https://go.boarddocs.com/fl/citrus/Board.nsf/PRINT-AgendaDetailed?open&id=BT4LQ956CA12,data/raw/control_citrus/boarddocs/agendas/2021-02-09_BT4LQ956CA12.html,accepted,2026-08-28T19:27:08Z,21c16688d5933fbfc72870a03ed435afba5fa899ad6f088da7646311416ba4d3,REGULAR SCHOOL BOARD MEETING; selected by date and source class before content inspection
control_citrus_2022_01_20,2021-03-23,board_agenda,BXWKGX518351,https://go.boarddocs.com/fl/citrus/Board.nsf/PRINT-AgendaDetailed?open&id=BXWKGX518351,data/raw/control_citrus/boarddocs/agendas/2021-03-23_BXWKGX518351.html,accepted,2026-08-28T19:27:09Z,f49763026e2984ce5c60821e5d276cbf9b0b2c688dd2d8ce93388411d5786384,SPECIAL MEETING AND WORKSHOP; selected by date and source class before content inspection
control_citrus_2022_01_20,2021-05-11,board_agenda,BT4LUS572844,https://go.boarddocs.com/fl/citrus/Board.nsf/PRINT-AgendaDetailed?open&id=BT4LUS572844,data/raw/control_citrus/boarddocs/agendas/2021-05-11_BT4LUS572844.html,accepted,2026-08-28T19:27:10Z,69095a378eeee34f3429cc43e79b92395614b684bffae0620d737fbc714fceca,REGULAR SCHOOL BOARD MEETING - Amended; selected by date and source class before content inspection
control_citrus_2022_01_20,2021-07-13,board_agenda,C2PSE96C2794,https://go.boarddocs.com/fl/citrus/Board.nsf/PRINT-AgendaDetailed?open&id=C2PSE96C2794,data/raw/control_citrus/boarddocs/agendas/2021-07-13_C2PSE96C2794.html,accepted,2026-08-28T19:27:11Z,82b5c4ecde50064fb81086ddd45bc76eb0616c265f36679a1c3582ddaf20a504,REGULAR SCHOOL BOARD MEETING - Amended; selected by date and source class before content inspection
control_citrus_2022_01_20,2021-08-24,board_agenda,C3CL8454AA8C,https://go.boarddocs.com/fl/citrus/Board.nsf/PRINT-AgendaDetailed?open&id=C3CL8454AA8C,data/raw/control_citrus/boarddocs/agendas/2021-08-24_C3CL8454AA8C.html,accepted,2026-08-28T19:27:12Z,87ef81e9cfaf4c394e2d17dc71b806ff8d5be15f048b65fba442b34c93ac43b7,SPECIAL MEETING AND WORKSHOP - Amended; selected by date and source class before content inspection
control_citrus_2022_01_20,2021-10-12,board_agenda,C3CMGC5A97ED,https://go.boarddocs.com/fl/citrus/Board.nsf/PRINT-AgendaDetailed?open&id=C3CMGC5A97ED,data/raw/control_citrus/boarddocs/agendas/2021-10-12_C3CMGC5A97ED.html,accepted,2026-08-28T19:27:13Z,b7a7a74d489f553384ba32733629d5af7a04bb3ba14303a0aef68afdce9a0a0f,REGULAR SCHOOL BOARD MEETING; selected by date and source class before content inspection
control_citrus_2022_01_20,2021-12-14,board_agenda,C3CMUN5BF390,https://go.boarddocs.com/fl/citrus/Board.nsf/PRINT-AgendaDetailed?open&id=C3CMUN5BF390,data/raw/control_citrus/boarddocs/agendas/2021-12-14_C3CMUN5BF390.html,accepted,2026-08-28T19:27:13Z,feed45e936ad53adb0d04a361f9824ec35afcb799ab5f1b5548a978c23f37267,REGULAR SCHOOL BOARD MEETING; selected by date and source class before content inspection
control_citrus_2022_01_20,2022-01-11,board_agenda,C3CMSV5BF020,https://go.boarddocs.com/fl/citrus/Board.nsf/PRINT-AgendaDetailed?open&id=C3CMSV5BF020,data/raw/control_citrus/boarddocs/agendas/2022-01-11_C3CMSV5BF020.html,accepted,2026-08-28T19:27:14Z,6f31a1514ed424a30fec8629500ac974f4edd65170e5f1643ca27aadbb164a65,REGULAR SCHOOL BOARD MEETING; selected by date and source class before content inspection
control_citrus_2022_01_20,,bounded_negative_search,boarddocs-usac-negative-search,https://go.boarddocs.com/fl/citrus/Board.nsf/Public,,unavailable,,,"Bounded negative search covered 32 official BoardDocs agendas dated 2020-07-20 through 2022-01-19 and 4 in-window USAC Form 470 records. The sole BoardDocs cyber-term hit was a Network Security Specialist job description, not a procurement outcome; no cybersecurity procurement outcome was found. Claim is limited to these official surfaces and date bounds."
control_alachua_2022_02_16,2020-09-01,board_agenda,C8ZQN869F18B,https://go.boarddocs.com/fl/alaco/Board.nsf/files/C8ZQN869F18B/$file/ag090120.pdf,data/raw/control_alachua/boarddocs/agendas/2020-09-01_C8ZQN869F18B.pdf,accepted,2026-08-28T19:27:17Z,bd4eb972b78ec079ae07e6f28ee913a039f186307acbf72d90343d255579091b,ag090120.pdf; selected by date and source class before content inspection
control_alachua_2022_02_16,2020-10-06,board_agenda,C8ZQR26A7903,https://go.boarddocs.com/fl/alaco/Board.nsf/files/C8ZQR26A7903/$file/ag100620.pdf,data/raw/control_alachua/boarddocs/agendas/2020-10-06_C8ZQR26A7903.pdf,accepted,2026-08-28T19:27:17Z,15b8b9e3437ee78ab2e655cc885a2555fa847a25d2b2b70f654617530a308c29,ag100620.pdf; selected by date and source class before content inspection
control_alachua_2022_02_16,2020-11-03,board_agenda,C8ZQY66B2053,https://go.boarddocs.com/fl/alaco/Board.nsf/files/C8ZQY66B2053/$file/ag110320.pdf,data/raw/control_alachua/boarddocs/agendas/2020-11-03_C8ZQY66B2053.pdf,accepted,2026-08-28T19:27:18Z,8e44fc62f6f99f03216540fa3028f2afa8726dd17ea6d0db038f9f70f25217a0,ag110320.pdf; selected by date and source class before content inspection
control_alachua_2022_02_16,2021-01-19,board_agenda,C8ZSJ3723351,https://go.boarddocs.com/fl/alaco/Board.nsf/files/C8ZSJ3723351/$file/ag011921.pdf,data/raw/control_alachua/boarddocs/agendas/2021-01-19_C8ZSJ3723351.pdf,accepted,2026-08-28T19:27:18Z,44526602d82b2bd2c3cc2aa003c1865221bc857ebb33ba933fcc3908b6f3ca73,ag011921.pdf; selected by date and source class before content inspection
control_alachua_2022_02_16,2021-03-02,board_agenda,C8ZSTD734C03,https://go.boarddocs.com/fl/alaco/Board.nsf/files/C8ZSTD734C03/$file/ag030221.pdf,data/raw/control_alachua/boarddocs/agendas/2021-03-02_C8ZSTD734C03.pdf,accepted,2026-08-28T19:27:18Z,7e2374c4b3d788357ede8e4a28dc57a3eccb9018f313659b5f16968cf41b20f1,ag030221.pdf; selected by date and source class before content inspection
control_alachua_2022_02_16,2021-04-20,board_agenda,C8ZSVC73CA93,https://go.boarddocs.com/fl/alaco/Board.nsf/files/C8ZSVC73CA93/$file/ag042021.pdf,data/raw/control_alachua/boarddocs/agendas/2021-04-20_C8ZSVC73CA93.pdf,accepted,2026-08-28T19:27:19Z,0731c2d9580ce23a47f09608af399152972099acbd80468f9104e5d8a5d28bb2,ag042021.pdf; selected by date and source class before content inspection
control_alachua_2022_02_16,2021-06-15,board_agenda,C8ZT7U74D92C,https://go.boarddocs.com/fl/alaco/Board.nsf/files/C8ZT7U74D92C/$file/ag061521.pdf,data/raw/control_alachua/boarddocs/agendas/2021-06-15_C8ZT7U74D92C.pdf,accepted,2026-08-28T19:27:19Z,f20d8d5ac7b8cb9a720dea78443dec6dcb5da20a90279da32de2ba8f51f3e77e,ag061521.pdf; selected by date and source class before content inspection
control_alachua_2022_02_16,2021-08-03,board_agenda,C8ZTCA75E466,https://go.boarddocs.com/fl/alaco/Board.nsf/files/C8ZTCA75E466/$file/ag080321.pdf,data/raw/control_alachua/boarddocs/agendas/2021-08-03_C8ZTCA75E466.pdf,accepted,2026-08-28T19:27:20Z,7a1b38a8fc36a257b20a22d77c93279da0a6e0942e3bfc2432ca8a14c7b52f3f,ag080321.pdf; selected by date and source class before content inspection
control_alachua_2022_02_16,2021-09-21,board_agenda,C6HNX661A49D,https://go.boarddocs.com/fl/alaco/Board.nsf/PRINT-AgendaDetailed?open&id=C6HNX661A49D,data/raw/control_alachua/boarddocs/agendas/2021-09-21_C6HNX661A49D.html,accepted,2026-08-28T19:27:20Z,7e572b894cd3f5ca78ffd47a770a0e8825484bd4198c554175546d26a15bf3f2,"School Board of Alachua County, Florida; selected by date and source class before content inspection"
control_alachua_2022_02_16,2021-11-10,board_agenda,C8KJ8V4BF27F,https://go.boarddocs.com/fl/alaco/Board.nsf/PRINT-AgendaDetailed?open&id=C8KJ8V4BF27F,data/raw/control_alachua/boarddocs/agendas/2021-11-10_C8KJ8V4BF27F.html,accepted,2026-08-28T19:27:21Z,6ad8e3a1c7a854bd00c30118dccc22ebc835bfce74d6217686822f7e5a40cc5b,"School Board of Alachua County, Florida; selected by date and source class before content inspection"
control_alachua_2022_02_16,2022-01-05,board_agenda,C9KJA34C2DB6,https://go.boarddocs.com/fl/alaco/Board.nsf/PRINT-AgendaDetailed?open&id=C9KJA34C2DB6,data/raw/control_alachua/boarddocs/agendas/2022-01-05_C9KJA34C2DB6.html,accepted,2026-08-28T19:27:22Z,0febb8c5c5d627b2a0f3cc47f5364acb14023b246bf308620e48eae7947591db,School Board Of Alachua County Workshop; selected by date and source class before content inspection
control_alachua_2022_02_16,2022-02-15,board_agenda,CANS6P6F3456,https://go.boarddocs.com/fl/alaco/Board.nsf/PRINT-AgendaDetailed?open&id=CANS6P6F3456,data/raw/control_alachua/boarddocs/agendas/2022-02-15_CANS6P6F3456.html,accepted,2026-08-28T19:27:22Z,6cad3f51be698d1e6a7a09a24fe42b95f7732fd76fab5f0d69e995718a02b3fd,"School Board of Alachua County, Florida; selected by date and source class before content inspection"
control_alachua_2022_02_16,,bounded_negative_search,boarddocs-usac-negative-search,https://go.boarddocs.com/fl/alaco/Board.nsf/Public,,unavailable,,,Bounded negative search covered 28 live official BoardDocs agenda records plus 19 archived business-agenda PDFs dated 2020-08-16 through 2022-02-15 and the official USAC Form 470 dataset. No cyber-term hit or cybersecurity procurement outcome was found. Claim is limited to these official surfaces and date bounds.
